PreGC,ln(PreGC),Gestation day,nPrenatal FA present,nPrenatal FA before,Maternal rank,Sex of the offspring,Year of birth,Gestation day,Day time,Mother ID
180.2105263,5.194,8,1.738,1.614,-1.070,-1.019,-0.439,-1.522,-1.692,Whi
135.2727273,4.907,10,1.732,1.597,-1.070,-1.019,-0.439,-1.480,0.507,Whi
164.4444444,5.103,14,1.721,1.559,-1.070,-1.019,-0.439,-1.395,-0.224,Whi
131.0344828,4.875,29,1.560,1.398,-1.070,-1.019,-0.439,-1.079,-1.082,Whi
142.2222222,4.957,60,0.968,1.086,-1.070,-1.019,-0.439,-0.424,0.221,Whi
256.6666667,5.548,69,0.762,0.973,-1.070,-1.019,-0.439,-0.234,1.581,Whi
88.16326531,4.479,77,0.557,0.860,-1.070,-1.019,-0.439,-0.065,0.106,Whi
173.2496075,5.155,82,0.462,0.782,-1.070,-1.019,-0.439,0.040,-0.653,Whi
108.1481481,4.684,87,0.500,0.705,-1.070,-1.019,-0.439,0.146,1.073,Whi
178.6046512,5.185,97,0.576,0.560,-1.070,-1.019,-0.439,0.357,-0.002,Whi
201.8181818,5.307,106,0.637,0.439,-1.070,-1.019,-0.439,0.547,0.126,Whi
139.6363636,4.939,113,0.609,0.352,-1.070,-1.019,-0.439,0.694,-0.485,Whi
121.1428571,4.797,117,0.315,0.295,-1.070,-1.019,-0.439,0.779,-0.358,Whi
324.2666667,5.782,127,-0.567,0.101,-1.070,-1.019,-0.439,0.990,-0.033,Whi
363.6363636,5.896,128,-0.640,0.077,-1.070,-1.019,-0.439,1.011,1.225,Whi
261.0526316,5.565,139,-1.449,-0.239,-1.070,-1.019,-0.439,1.243,1.035,Whi
117.0731707,4.763,145,-1.351,-0.426,-1.070,-1.019,-0.439,1.370,-1.050,Whi
168.4210526,5.126,147,-1.282,-0.482,-1.070,-1.019,-0.439,1.412,1.124,Whi
185.4545455,5.223,149,-1.213,-0.535,-1.070,-1.019,-0.439,1.454,0.297,Whi
183.4146341,5.212,153,-1.076,-0.634,-1.070,-1.019,-0.439,1.539,0.621,Whi
160,5.075,158,-0.939,-0.742,-1.070,-1.019,-0.439,1.644,1.874,Whi
108.2352941,4.684,1,0.477,0.750,-0.433,-1.019,-0.439,-1.670,-0.911,Zim
101.8181818,4.623,2,0.484,0.735,-0.433,-1.019,-0.439,-1.649,-0.180,Zim
91.1627907,4.513,10,0.545,0.616,-0.433,-1.019,-0.439,-1.480,-1.216,Zim
121.3793103,4.799,18,0.599,0.505,-0.433,-1.019,-0.439,-1.311,-1.050,Zim
164.5714286,5.103,30,0.609,0.352,-0.433,-1.019,-0.439,-1.058,-0.059,Zim
144.6575342,4.974,34,0.315,0.295,-0.433,-1.019,-0.439,-0.973,0.634,Zim
108.1081081,4.683,54,-1.302,-0.176,-0.433,-1.019,-0.439,-0.551,-0.097,Zim
97.62711864,4.581,59,-1.454,-0.336,-0.433,-1.019,-0.439,-0.445,0.590,Zim
170.3896104,5.138,63,-1.316,-0.454,-0.433,-1.019,-0.439,-0.361,-1.432,Zim
156.5957447,5.054,76,-0.905,-0.762,-0.433,-1.019,-0.439,-0.087,0.157,Zim
110.7692308,4.707,81,-0.733,-0.851,-0.433,-1.019,-0.439,0.019,-1.273,Zim
293.3333333,5.681,84,-0.630,-0.896,-0.433,-1.019,-0.439,0.082,-0.542,Zim
158.8321168,5.068,108,-0.850,-1.236,-0.433,-1.019,-0.439,0.589,-0.637,Zim
254.6666667,5.540,122,-1.017,-1.502,-0.433,-1.019,-0.439,0.884,1.524,Zim
227.9452055,5.429,128,-1.000,-1.589,-0.433,-1.019,-0.439,1.011,1.454,Zim
132.7407407,4.888,138,-0.975,-1.650,-0.433,-1.019,-0.439,1.222,0.729,Zim
108.4745763,4.687,0,1.241,1.201,-1.283,-1.019,-0.439,-1.691,-0.129,Pai
74.45544554,4.310,6,1.096,1.142,-1.283,-1.019,-0.439,-1.564,-0.968,Pai
65.57377049,4.183,8,1.045,1.120,-1.283,-1.019,-0.439,-1.522,-0.637,Pai
111.1111111,4.711,11,0.968,1.086,-1.283,-1.019,-0.439,-1.459,1.225,Pai
135.5555556,4.909,20,0.762,0.973,-1.283,-1.019,-0.439,-1.269,-0.224,Pai
95.13513514,4.555,22,0.711,0.946,-1.283,-1.019,-0.439,-1.227,-0.847,Pai
205.9405941,5.328,24,0.659,0.918,1.479,-1.019,-0.439,-1.184,-1.082,Pai
140.952381,4.948,33,0.462,0.782,-1.283,-1.019,-0.439,-0.994,-0.167,Pai
91.00917431,4.511,34,0.469,0.766,-1.283,-1.019,-0.439,-0.973,0.316,Pai
91.42857143,4.516,44,0.545,0.616,-1.283,-1.019,-0.439,-0.762,-1.171,Pai
90.56603774,4.506,53,0.606,0.492,1.479,-1.019,-0.439,-0.572,-1.368,Pai
135.3846154,4.908,58,0.644,0.426,-1.283,-1.019,-0.439,-0.467,0.946,Pai
59.70149254,4.089,66,0.462,0.325,-1.283,-1.019,-0.439,-0.298,-0.224,Pai
140,4.942,67,0.389,0.311,1.479,-1.019,-0.439,-0.277,1.454,Pai
152.7272727,5.029,70,0.168,0.263,-1.283,-1.019,-0.439,-0.213,0.253,Pai
246.9565217,5.509,72,0.021,0.228,1.479,-1.019,-0.439,-0.171,0.316,Pai
162.5806452,5.091,93,-1.454,-0.336,-1.283,-1.019,-0.439,0.272,0.367,Pai
148.7719298,5.002,94,-1.419,-0.366,-1.283,-1.019,-0.439,0.293,1.365,Pai
308.4057971,5.731,96,-1.351,-0.426,-1.283,-1.019,-0.439,0.336,0.869,Pai
164.057971,5.100,98,-1.282,-0.482,1.479,-1.019,-0.439,0.378,0.491,Pai
170.1587302,5.137,110,-0.905,-0.762,-1.283,-1.019,-0.439,0.631,-0.555,Pai
117.8947368,4.770,112,-0.836,-0.800,-1.283,-1.019,-0.439,0.673,-1.699,Pai
249.2307692,5.518,117,-0.665,-0.882,-1.283,-1.019,-0.439,0.779,-0.574,Pai
128.9320388,4.859,128,-0.600,-1.020,-1.283,-1.019,-0.439,1.011,-1.019,Pai
207.1428571,5.333,142,-0.850,-1.236,-1.283,-1.019,-0.439,1.307,-0.542,Pai
128.7356322,4.858,155,-1.020,-1.484,-1.283,-1.019,-0.439,1.581,-0.714,Pai
156.6315789,5.054,159,-1.009,-1.550,-1.283,-1.019,-0.439,1.665,0.361,Pai
129.3711378,4.863,3,0.891,1.050,0.417,-1.019,-0.439,-1.628,-0.243,Pad
156.1904762,5.051,10,0.737,0.960,0.417,-1.019,-0.439,-1.480,1.206,Pad
164.2105263,5.101,19,0.505,0.829,0.417,-1.019,-0.439,-1.290,-0.421,Pad
178,5.182,21,0.454,0.797,0.417,-1.019,-0.439,-1.248,1.073,Pad
104.8275862,4.652,31,0.530,0.645,0.417,-1.019,-0.439,-1.037,0.507,Pad
107.755102,4.680,39,0.583,0.532,0.417,-1.019,-0.439,-0.868,1.766,Pad
136.4705882,4.916,55,0.462,0.325,0.417,-1.019,-0.439,-0.530,-1.254,Pad
161.2307692,5.083,64,-0.199,0.169,0.417,-1.019,-0.439,-0.340,-0.097,Pad
247.5789474,5.512,66,-0.493,0.125,0.417,-1.019,-0.439,-0.298,1.778,Pad
320,5.768,70,-0.787,0.026,0.417,-1.019,-0.439,-0.213,1.035,Pad
123.3333333,4.815,73,-1.008,-0.057,0.417,-1.019,-0.439,-0.150,-0.777,Pad
180.5714286,5.196,82,-1.454,-0.336,0.417,-1.019,-0.439,0.040,0.418,Pad
166.0377358,5.112,87,-1.282,-0.482,0.417,-1.019,-0.439,0.146,-0.396,Pad
156.1904762,5.051,90,-1.179,-0.561,0.417,-1.019,-0.439,0.209,-0.383,Pad
105,4.654,104,-0.733,-0.851,0.417,-1.019,-0.439,0.504,-0.224,Pad
284,5.649,107,-0.630,-0.896,0.417,-1.019,-0.439,0.568,-0.548,Pad
87.77777778,4.475,156,-0.986,-1.635,0.417,-1.019,-0.439,1.602,-0.911,Pad
184.1509434,5.216,161,-0.975,-1.650,0.417,-1.019,-0.439,1.708,-0.548,Pad
120.2836879,4.790,16,-0.975,-0.889,1.479,-1.019,2.269,-1.353,1.715,Pat
314.4347826,5.751,46,-1.669,-1.309,1.479,-1.019,2.269,-0.720,-0.370,Pat
240.3791469,5.482,60,-1.625,-1.596,1.479,-1.019,2.269,-0.424,-0.879,Pat
180.5714286,5.196,75,-0.577,-1.818,1.479,-1.019,2.269,-0.108,0.062,Pat
233.6363636,5.454,77,-0.403,-1.826,1.479,-1.019,2.269,-0.065,0.221,Pat
102.970297,4.634,88,0.463,-1.791,1.479,-1.019,2.269,0.167,1.111,Pat
216.9230769,5.380,105,0.741,-1.502,1.479,-1.019,2.269,0.526,0.081,Pat
200.8510638,5.303,121,0.390,-1.154,1.479,-1.019,2.269,0.863,-0.415,Pat
361.9512195,5.892,122.1,0.368,-1.130,1.479,-1.019,2.269,0.887,-0.637,Pat
247.826087,5.513,129,0.392,-0.958,1.479,-1.019,2.269,1.032,0.221,Pat
300.952381,5.707,146,0.608,-0.517,1.479,-1.019,2.269,1.391,-0.351,Pat
39.02439024,3.664,2,1.480,1.347,1.479,-1.019,-0.439,-1.649,-1.470,Pat
145.7777778,4.982,13,1.304,1.239,1.479,-1.019,-0.439,-1.416,-1.426,Pat
154.2857143,5.039,14,1.288,1.229,1.479,-1.019,-0.439,-1.395,-0.955,Pat
115,4.745,18,1.225,1.192,1.479,-1.019,-0.439,-1.311,0.215,Pat
112.5925926,4.724,23,1.096,1.142,1.479,-1.019,-0.439,-1.205,-1.368,Pat
84.21052632,4.433,26,1.019,1.109,1.479,-1.019,-0.439,-1.142,-1.743,Pat
104.7787611,4.652,29,0.942,1.074,1.479,-1.019,-0.439,-1.079,-0.256,Pat
220.5825243,5.396,36,0.788,0.986,1.479,-1.019,-0.439,-0.931,-1.152,Pat
208.372093,5.339,45,0.557,0.860,1.479,-1.019,-0.439,-0.741,0.501,Pat
126.4761905,4.840,51,0.469,0.766,1.479,-1.019,-0.439,-0.614,-0.961,Pat
113.8461538,4.735,108,-1.522,-0.272,1.479,-1.019,-0.439,0.589,0.863,Pat
160,5.075,113,-1.351,-0.426,1.479,-1.019,-0.439,0.694,0.863,Pat
177.1277997,5.177,114,-1.316,-0.454,1.479,-1.019,-0.439,0.716,0.011,Pat
383.1578947,5.948,116,-1.248,-0.509,1.479,-1.019,-0.439,0.758,0.907,Pat
137.7777778,4.926,122,-1.042,-0.657,1.479,-1.019,-0.439,0.884,-0.764,Pat
294.4927536,5.685,147,-0.636,-1.047,1.479,-1.019,-0.439,1.412,1.511,Pat
85.85365854,4.453,8,1.655,1.461,-0.645,-1.019,-0.439,-1.522,-0.415,Stu
106.6666667,4.670,13,1.576,1.408,-0.645,-1.019,-0.439,-1.416,-0.313,Stu
61.78217822,4.124,17,1.512,1.368,-0.645,-1.019,-0.439,-1.332,-0.084,Stu
80.84210526,4.392,21,1.448,1.327,-0.645,-1.019,-0.439,-1.248,0.698,Stu
84.84848485,4.441,22,1.432,1.317,-0.645,-1.019,-0.439,-1.227,0.488,Stu
184.2424242,5.216,30,1.304,1.239,-0.645,-1.019,-0.439,-1.058,-1.476,Stu
72.87128713,4.289,42,1.045,1.120,-0.645,-1.019,-0.439,-0.804,0.189,Stu
174.2222222,5.160,54,0.762,0.973,-0.645,-1.019,-0.439,-0.551,0.539,Stu
192.7832168,5.262,57,0.685,0.932,-0.645,-1.019,-0.439,-0.488,-0.482,Stu
157.1929825,5.057,58,0.659,0.918,-0.645,-1.019,-0.439,-0.467,-0.434,Stu
164,5.100,61,0.582,0.874,-0.645,-1.019,-0.439,-0.403,-0.002,Stu
94.64788732,4.550,68,0.469,0.766,-0.645,-1.019,-0.439,-0.255,-0.243,Stu
135.3846154,4.908,69,0.477,0.750,-0.645,-1.019,-0.439,-0.234,0.348,Stu
138.9010989,4.934,75,0.523,0.660,-0.645,-1.019,-0.439,-0.108,-1.216,Stu
105,4.654,83,0.576,0.546,-0.645,-1.019,-0.439,0.061,-1.286,Stu
198.019802,5.288,100,0.462,0.325,-0.645,-1.019,-0.439,0.420,2.191,Stu
160,5.075,113,-0.640,0.077,-0.645,-1.019,-0.439,0.694,1.054,Stu
115.9633028,4.753,118,-1.008,-0.057,-0.645,-1.019,-0.439,0.800,0.799,Stu
258.0645161,5.553,122,-1.302,-0.176,-0.645,-1.019,-0.439,0.884,1.028,Stu
148,4.997,128,-1.419,-0.366,-0.645,-1.019,-0.439,1.011,1.912,Stu
116.3636364,4.757,133,-1.248,-0.509,-0.645,-1.019,-0.439,1.117,1.855,Stu
163.2,5.095,134,-1.213,-0.535,-0.645,-1.019,-0.439,1.138,-0.040,Stu
118.0952381,4.771,135,-1.179,-0.561,-0.645,-1.019,-0.439,1.159,-1.794,Stu
89.6,4.495,148,-0.768,-0.835,-0.645,-1.019,-0.439,1.433,0.424,Stu
155.0769231,5.044,150,-0.699,-0.867,-0.645,-1.019,-0.439,1.475,0.920,Stu
87.85714286,4.476,17,-1.232,-0.932,-0.008,-1.019,2.269,-1.332,-0.923,Wea
123.0769231,4.813,31.1,-1.696,-1.139,-0.008,-1.019,2.269,-1.034,0.443,Wea
121.4184397,4.799,52.1,-1.631,-1.554,-0.008,-1.019,2.269,-0.591,-1.305,Wea
148.4337349,5.000,56,-1.619,-1.640,-0.008,-1.019,2.269,-0.509,-1.292,Wea
136.875,4.919,67,-0.750,-1.804,-0.008,-1.019,2.269,-0.277,0.215,Wea
219.6078431,5.392,102,0.675,-1.440,-0.008,-1.019,2.269,0.462,0.729,Wea
258.5365854,5.555,116,0.368,-1.130,-0.008,-1.019,2.269,0.758,-0.733,Wea
242.7906977,5.492,126,0.432,-0.883,-0.008,-1.019,2.269,0.969,-0.097,Wea
413.559322,6.025,127,0.446,-0.858,-0.008,-1.019,2.269,0.990,1.880,Wea
306.8131868,5.726,139,0.595,-0.544,-0.008,-1.019,2.269,1.243,1.429,Wea
146.7193676,4.989,155,0.991,-0.127,-0.008,-1.019,2.269,1.581,-0.161,Wea
55.77981651,4.021,22,1.747,1.644,-0.008,0.978,-0.439,-1.227,-1.864,Wea
85.85365854,4.453,31,1.724,1.569,-0.008,0.978,-0.439,-1.037,0.615,Wea
46.22222222,3.833,35,1.712,1.527,-0.008,0.978,-0.439,-0.952,-0.987,Wea
101.3333333,4.618,41,1.655,1.461,-0.008,0.978,-0.439,-0.825,-1.375,Wea
57.04347826,4.044,52,1.480,1.347,-0.008,0.978,-0.439,-0.593,-0.542,Wea
160,5.075,70,1.173,1.172,-0.008,0.978,-0.439,-0.213,-1.559,Wea
69.39759036,4.240,73,1.096,1.142,-0.008,0.978,-0.439,-0.150,0.761,Wea
99.2,4.597,75,1.045,1.120,-0.008,0.978,-0.439,-0.108,0.183,Wea
113.1313131,4.729,77,0.993,1.098,-0.008,0.978,-0.439,-0.065,-1.432,Wea
88.88888889,4.487,90,0.685,0.932,-0.008,0.978,-0.439,0.209,-0.033,Wea
162.1052632,5.088,92,0.634,0.904,-0.008,0.978,-0.439,0.251,2.090,Wea
78.90410959,4.368,96,0.531,0.844,-0.008,0.978,-0.439,0.336,-0.790,Wea
62.22222222,4.131,100,0.462,0.782,-0.008,0.978,-0.439,0.420,-0.618,Wea
62.14876033,4.130,104,0.492,0.720,-0.008,0.978,-0.439,0.504,1.174,Wea
39.6039604,3.679,117,0.583,0.532,-0.008,0.978,-0.439,0.779,0.837,Wea
111.1864407,4.711,122,0.622,0.465,-0.008,0.978,-0.439,0.884,1.600,Wea
236.1904762,5.465,144,-0.493,0.125,-0.008,0.978,-0.439,1.349,-0.256,Wea
104.2857143,4.647,150,-0.934,-0.028,-0.008,0.978,-0.439,1.475,1.168,Wea
86.66666667,4.462,151,-1.008,-0.057,-0.008,0.978,-0.439,1.497,1.028,Wea
64,4.159,158,-1.522,-0.272,-0.008,0.978,-0.439,1.644,1.238,Wea
105.8823529,4.662,161,-1.419,-0.366,-0.008,0.978,-0.439,1.708,-0.097,Wea
95.13513514,4.555,163,-1.351,-0.426,-0.008,0.978,-0.439,1.750,0.920,Wea
100,4.605,8,1.709,1.515,-1.495,0.978,-0.439,-1.522,0.946,Naa
54.46808511,3.998,19,1.560,1.398,-1.495,0.978,-0.439,-1.290,0.571,Naa
269.4736842,5.596,21,1.528,1.378,-1.495,0.978,-0.439,-1.248,-0.987,Naa
94.81481481,4.552,23,1.496,1.357,-1.495,0.978,-0.439,-1.205,-1.629,Naa
67.09677419,4.206,25,1.464,1.337,-1.495,0.978,-0.439,-1.163,0.189,Naa
155.2941176,5.045,29,1.400,1.297,-1.495,0.978,-0.439,-1.079,-0.351,Naa
108.9655172,4.691,45,1.096,1.142,-1.495,0.978,-0.439,-0.741,0.030,Naa
131.2820513,4.877,46,1.070,1.131,-1.495,0.978,-0.439,-0.720,1.480,Naa
139.2805755,4.936,50,0.968,1.086,-1.495,0.978,-0.439,-0.635,0.253,Naa
141.8181818,4.955,51,0.942,1.074,-1.495,0.978,-0.439,-0.614,-0.154,Naa
123.4782609,4.816,53,0.891,1.050,-1.495,0.978,-0.439,-0.572,1.079,Naa
151.7241379,5.022,55,0.839,1.025,-1.495,0.978,-0.439,-0.530,0.157,Naa
132.244898,4.885,59,0.762,0.973,-1.495,0.978,-0.439,-0.445,1.028,Naa
93.33333333,4.536,61,0.711,0.946,-1.495,0.978,-0.439,-0.403,-0.917,Naa
96,4.564,71,0.454,0.797,-1.495,0.978,-0.439,-0.192,0.558,Naa
175.5555556,5.168,87,0.576,0.560,-1.495,0.978,-0.439,0.146,0.170,Naa
223.5616438,5.410,97,0.644,0.426,-1.495,0.978,-0.439,0.357,0.571,Naa
225.6842105,5.419,105,0.462,0.325,-1.495,0.978,-0.439,0.526,0.615,Naa
188.3185841,5.238,112,-0.052,0.209,-1.495,0.978,-0.439,0.673,-1.012,Naa
141.1764706,4.950,126,-1.228,-0.145,-1.495,0.978,-0.439,0.969,-0.618,Naa
85.89473684,4.453,127,-1.302,-0.176,-1.495,0.978,-0.439,0.990,-1.031,Naa
160,5.075,134,-1.385,-0.396,-1.495,0.978,-0.439,1.138,-0.644,Naa
168.6486486,5.128,135,-1.351,-0.426,-1.495,0.978,-0.439,1.159,1.810,Naa
126.3157895,4.839,136,-1.316,-0.454,-1.495,0.978,-0.439,1.180,0.081,Naa
192.7272727,5.261,140,-1.179,-0.561,-1.495,0.978,-0.439,1.264,-1.070,Naa
235,5.460,144,-1.042,-0.657,-1.495,0.978,-0.439,1.349,0.748,Naa
113.8983051,4.735,145,-1.008,-0.679,-1.495,0.978,-0.439,1.370,-1.483,Naa
178.1132075,5.182,147,-0.973,-0.722,-1.495,0.978,-0.439,1.412,0.729,Naa
145.0666667,4.977,156,-0.665,-0.882,-1.495,0.978,-0.439,1.602,0.501,Naa
63.09859155,4.145,3,1.724,1.569,1.267,0.978,-0.439,-1.628,-1.584,Tha
59.60784314,4.088,9,1.706,1.504,1.267,0.978,-0.439,-1.501,1.155,Tha
60,4.094,10,1.703,1.493,1.267,0.978,-0.439,-1.480,-1.642,Tha
61.66666667,4.122,19,1.560,1.398,1.267,0.978,-0.439,-1.290,0.558,Tha
118.5185185,4.775,26,1.448,1.327,1.267,0.978,-0.439,-1.142,0.602,Tha
130.5263158,4.872,34,1.320,1.248,1.267,0.978,-0.439,-0.973,1.270,Tha
198.0952381,5.289,36,1.288,1.229,1.267,0.978,-0.439,-0.931,1.575,Tha
134.7368421,4.903,41,1.199,1.182,1.267,0.978,-0.439,-0.825,-0.898,Tha
109.8039216,4.699,42,1.173,1.172,1.267,0.978,-0.439,-0.804,1.460,Tha
154.3362832,5.039,49,0.993,1.098,1.267,0.978,-0.439,-0.657,-1.114,Tha
167.4418605,5.121,55,0.839,1.025,1.267,0.978,-0.439,-0.530,-0.911,Tha
170.9090909,5.141,61,0.711,0.946,1.267,0.978,-0.439,-0.403,0.094,Tha
191.4285714,5.255,65,0.608,0.889,1.267,0.978,-0.439,-0.319,-0.110,Tha
141.754386,4.954,84,0.553,0.602,1.267,0.978,-0.439,0.082,0.380,Tha
97.77777778,4.583,94,0.622,0.465,1.267,0.978,-0.439,0.293,-1.343,Tha
173.1343284,5.154,103,0.609,0.352,1.267,0.978,-0.439,0.483,-0.396,Tha
178.5263158,5.185,108,0.242,0.279,1.267,0.978,-0.439,0.589,-0.275,Tha
287.4796748,5.661,111,0.021,0.228,1.267,0.978,-0.439,0.652,1.213,Tha
296,5.690,135,-1.351,-0.426,1.267,0.978,-0.439,1.159,-0.516,Tha
114.2857143,4.739,139,-1.213,-0.535,1.267,0.978,-0.439,1.243,-1.343,Tha
241.8604651,5.488,148,-0.939,-0.742,1.267,0.978,-0.439,1.433,1.804,Tha
163.7209302,5.098,155,-0.699,-0.867,1.267,0.978,-0.439,1.581,0.526,Tha
297.1428571,5.694,2,0.762,0.973,0.629,0.978,-0.439,-1.649,1.162,Bag
132.7659574,4.889,16,0.469,0.766,0.629,0.978,-0.439,-1.353,0.157,Bag
141.4876033,4.952,24,0.530,0.645,0.629,0.978,-0.439,-1.184,-0.345,Bag
145.2631579,4.979,38,0.629,0.452,0.629,0.978,-0.439,-0.889,0.520,Bag
203.6363636,5.316,72,-1.449,-0.239,0.629,0.978,-0.439,-0.171,-1.413,Bag
206.0273973,5.328,76,-1.419,-0.366,0.629,0.978,-0.439,-0.087,1.505,Bag
151.7241379,5.022,83,-1.179,-0.561,0.629,0.978,-0.439,0.061,-0.313,Bag
322.5806452,5.776,96,-0.768,-0.835,0.629,0.978,-0.439,0.336,1.213,Bag
349.7674419,5.857,97,-0.733,-0.851,0.629,0.978,-0.439,0.357,0.729,Bag
400,5.991,98,-0.699,-0.867,0.629,0.978,-0.439,0.378,0.443,Bag
212.7835052,5.360,108,-0.565,-0.994,0.629,0.978,-0.439,0.589,-0.046,Bag
247.5,5.511,114,-0.672,-1.075,0.629,0.978,-0.439,0.716,-1.445,Bag
271.5151515,5.604,149,-0.986,-1.635,0.629,0.978,-0.439,1.454,-0.866,Bag
203.0769231,5.314,162,-0.952,-1.629,0.629,0.978,-0.439,1.729,-1.654,Bag
289.5238095,5.668,29,-0.357,-0.944,-0.858,0.978,2.269,-1.079,-1.178,Ell
210.7317073,5.351,36,-0.589,-0.893,-0.858,0.978,2.269,-0.931,0.030,Ell
298.8679245,5.700,60,-1.576,-1.032,-0.858,0.978,2.269,-0.424,-0.923,Ell
158.5046729,5.066,65,-1.698,-1.120,-0.858,0.978,2.269,-0.319,2.020,Ell
302.9787234,5.714,69,-1.687,-1.194,-0.858,0.978,2.269,-0.234,-0.269,Ell
331.2,5.803,96,-1.270,-1.734,-0.858,0.978,2.269,0.336,-0.033,Ell
162.7272727,5.092,106,-0.403,-1.826,-0.858,0.978,2.269,0.547,0.761,Ell
167,5.118,137,0.675,-1.440,-0.858,0.978,2.269,1.201,-1.337,Ell
267.107438,5.588,142,0.566,-1.335,-0.858,0.978,2.269,1.307,-1.050,Ell
356.5217391,5.876,147,0.456,-1.223,-0.858,0.978,2.269,1.412,-0.129,Ell
293.3333333,5.681,153,0.324,-1.082,-0.858,0.978,2.269,1.539,-0.987,Ell
123.2298137,4.814,5,0.147,-1.320,-0.220,0.978,2.269,-1.585,-0.161,Pin
142.6086957,4.960,15,0.048,-1.183,-0.220,0.978,2.269,-1.374,0.253,Pin
127.311828,4.847,53,-1.018,-0.893,-0.220,0.978,2.269,-0.572,0.240,Pin
324.0677966,5.781,99,-1.616,-1.661,-0.220,0.978,2.269,0.399,-0.669,Pin
412.1518987,6.021,123,0.376,-1.801,-0.220,0.978,2.269,0.906,1.823,Pin
167.6190476,5.122,143,0.697,-1.461,-0.220,0.978,2.269,1.328,-1.718,Pin
184.9056604,5.220,145,0.653,-1.419,-0.220,0.978,2.269,1.370,-1.368,Pin
397.4842767,5.985,150,0.544,-1.313,-0.220,0.978,2.269,1.475,1.575,Pin
221.686747,5.401,3,-0.709,-1.967,0.205,0.978,2.269,-1.628,0.284,Sca
129.6,4.864,53,0.109,-1.222,0.205,0.978,2.269,-0.572,1.009,Sca
124.5901639,4.825,94,-1.018,-0.893,0.205,0.978,2.269,0.293,0.176,Sca
212.7272727,5.360,137,-1.625,-1.596,0.205,0.978,2.269,1.201,0.596,Sca
136.5853659,4.917,144,-1.270,-1.734,0.205,0.978,2.269,1.349,-1.006,Sca
93.58490566,4.539,152,-0.577,-1.818,0.205,0.978,2.269,1.518,-1.495,Sca
135.7241379,4.911,154,-0.403,-1.826,0.205,0.978,2.269,1.560,1.174,Sca
172.7272727,5.152,7,0.762,0.973,1.054,0.978,-0.439,-1.543,0.602,Nua
157.2881356,5.058,11,0.659,0.918,1.054,0.978,-0.439,-1.459,-0.408,Nua
142.3853211,4.959,21,0.469,0.766,1.054,0.978,-0.439,-1.248,1.238,Nua
112.3404255,4.722,26,0.507,0.690,1.054,0.978,-0.439,-1.142,-1.209,Nua
139.047619,4.935,51,0.609,0.352,1.054,0.978,-0.439,-0.614,-0.555,Nua
208.3333333,5.339,71,-1.008,-0.057,1.054,0.978,-0.439,-0.192,-1.038,Nua
86.66666667,4.462,75,-1.302,-0.176,1.054,0.978,-0.439,-0.108,-1.286,Nua
230.5084746,5.440,83,-1.351,-0.426,1.054,0.978,-0.439,0.061,-0.224,Nua
86.48648649,4.460,87,-1.213,-0.535,1.054,0.978,-0.439,0.146,-0.103,Nua
148.4684685,5.000,102,-0.733,-0.851,1.054,0.978,-0.439,0.462,-1.241,Nua
214.4927536,5.368,103,-0.699,-0.867,1.054,0.978,-0.439,0.483,1.302,Nua
223.5460993,5.410,104,-0.665,-0.882,1.054,0.978,-0.439,0.504,-0.707,Nua
240,5.481,113,-0.565,-0.994,1.054,0.978,-0.439,0.694,0.412,Nua
197.2413793,5.284,130,-0.868,-1.253,1.054,0.978,-0.439,1.053,-1.718,Nua
167.2727273,5.120,142,-1.020,-1.484,1.054,0.978,-0.439,1.307,-0.567,Nua
217.7777778,5.383,146,-1.009,-1.550,1.054,0.978,-0.439,1.391,-0.383,Nua
187.6923077,5.235,154,-0.986,-1.635,1.054,0.978,-0.439,1.560,-1.114,Nua
81.63265306,4.402,6,1.368,1.277,0.842,0.978,-0.439,-1.564,0.729,Dee
130.2857143,4.870,22,1.045,1.120,0.842,0.978,-0.439,-1.227,-0.701,Dee
178.1818182,5.183,24,0.993,1.098,0.842,0.978,-0.439,-1.184,-1.826,Dee
155.4285714,5.046,25,0.968,1.086,0.842,0.978,-0.439,-1.163,0.628,Dee
240,5.481,30,0.839,1.025,0.842,0.978,-0.439,-1.058,0.704,Dee
160,5.075,36,0.711,0.946,0.842,0.978,-0.439,-0.931,-0.478,Dee
196.4054336,5.280,45,0.480,0.813,0.842,0.978,-0.439,-0.741,4.734,Dee
130.2325581,4.869,55,0.523,0.660,0.842,0.978,-0.439,-0.530,0.062,Dee
100.5128205,4.610,59,0.553,0.602,0.842,0.978,-0.439,-0.445,-0.116,Dee
138.8235294,4.933,60,0.561,0.588,0.842,0.978,-0.439,-0.424,0.304,Dee
109.8795181,4.699,62,0.576,0.560,0.842,0.978,-0.439,-0.382,1.829,Dee
134.2857143,4.900,70,0.629,0.452,0.842,0.978,-0.439,-0.213,-0.663,Dee
154.0740741,5.037,82,0.315,0.295,0.842,0.978,-0.439,0.040,0.672,Dee
109.1472868,4.693,90,-0.273,0.149,0.842,0.978,-0.439,0.209,-0.656,Dee
68.57142857,4.228,101,-1.228,-0.145,0.842,0.978,-0.439,0.441,-0.542,Dee
164.7058824,5.104,112,-1.282,-0.482,0.842,0.978,-0.439,0.673,-0.993,Dee
512.5423729,6.239,115,-1.179,-0.561,0.842,0.978,-0.439,0.737,0.437,Dee
98.46153846,4.590,126,-0.836,-0.800,0.842,0.978,-0.439,0.969,0.602,Dee
145.1851852,4.978,129,-0.733,-0.851,0.842,0.978,-0.439,1.032,-0.428,Dee
170.6666667,5.140,130,-0.699,-0.867,0.842,0.978,-0.439,1.053,1.136,Dee
142.7027027,4.961,140,-0.565,-0.994,0.842,0.978,-0.439,1.264,-0.192,Dee